<?xml version="1.0" encoding="ISO-8859-1"?>
<!DOCTYPE SiteBasic SYSTEM "OamAccess.dtd">
<!--Project             : Ung cuu tram MLL-->
<!--RBS Type            : RBS6601W*3G}-->
<!--Prepared by         : DANG-THANH-HUNG& NGUYEN-MINH-TAM-->
<!--Date/Time Created : June 22, 2016, 10:18 p.m.-->
<!--OAM Access Configuration-->
<SiteBasic>
  <Format revision="E"/>
   <ConfigureOAMAccess>
     <IPoverEthernet 
          ethernetIpAddress="169.254.1.1" 
          ethernetSubnetMask="255.255.0.0"/>
     <IPoverGigabitEthernet 
          syncIpAddress="10.213.22.148"
          syncSubnetMask="255.255.255.224"   
          defaultRouter0="10.213.22.129"
          syncVid="2100"
          etIPSynchSlot="1">
    <IpSyncRef ntpServerIpAddress="b"/>
    <IpSyncRef ntpServerIpAddress="c"/>
<OamIpHost
     oamIpAddress="10.213.52.148"
     oamSubnetMask="255.255.255.224" 
     oamDefaultRouter0="10.213.52.129"
     oamVid="2600"/>
<GigaBitEthernet gigaBitEthernetPort="TNA"/>
     </IPoverGigabitEthernet>
     <StaticRouting>
     <Route 
          routeIpAddress="0.0.0.0" 
          routeSubnetMask="0.0.0.0" 
          hopIpAddress="10.213.52.129"
          routeMetric="10" 
          redistribute="NO"/>
     </StaticRouting>
     <NetworkSynch synchPort="7" synchPriority="1" synchSlot="1"/>
     <NetworkSynch synchPort="8" synchPriority="2" synchSlot="1"/>
   </ConfigureOAMAccess>
</SiteBasic>
